Repair Level,0,1
0.0,1.0,0.08667835325365207
0.1,1.0,0.12206531976563322
0.2,1.0,0.14892334904126692
0.3,1.0,0.20909251881363436
0.4,1.0,0.255552760772019
0.5,1.0,0.3012931093495434
0.6,1.0,0.3773728614951957
0.7,1.0,0.46166576870202636
0.8,1.0,0.5520299753367482
0.9,1.0,0.7040037637349107
1.0,1.0,0.8773855154871374
