Repair Level,0,1
0.0,1.0,0.3867554843624856
0.1,1.0,0.3897550876877559
0.2,1.0,0.4542547822239422
0.3,1.0,0.48209475431825927
0.4,1.0,0.5252077593056618
0.5,1.0,0.5548077296996006
0.6,1.0,0.6337340536532718
0.7,1.0,0.6922642697074066
0.8,1.0,0.7527397238294199
0.9,1.0,0.7950831540109142
1.0,1.0,0.9127464012868988
